{
  "log_loss": 0.1434970707875551,
  "accuracy": 0.9859154929577465,
  "f1": 0.9859140673080038,
  "brier_score": 0.059982903769301876
}