{
  "0": 0.029991451884650935,
  "1": 0.029991451884650935
}