{
  "Accuracy": 0.9861111111111112,
  "F1": 0.9858964109664703,
  "train_time_sec": 0.12662196159362793,
  "model_size_mb": 0.3138446807861328,
  "scenario": "clean",
  "model": "mlp"
}