{
  "train_time_sec": 0.7138121128082275,
  "model_size_mb": 1.698404312133789
}