{
  "train_time_sec": 1.0489439964294434,
  "model_size_mb": 1.2890815734863281
}