{
  "Accuracy": 0.9777777777777777,
  "F1": 0.9774726537094232,
  "train_time_sec": 0.9003410339355469,
  "model_size_mb": 1.2891578674316406,
  "timestamp": "2026-02-02 21:35:23",
  "params": {
    "iterations": 462,
    "learning_rate": 0.08514235218074596,
    "depth": 5,
    "l2_leaf_reg": 1.5033819282269176
  },
  "scenario": "high_cardinality",
  "model": "catboost",
  "dataset": "mnist"
}