{
  "log_loss": 0.5966648498959811,
  "accuracy": 0.6756756756756757,
  "f1": 0.8064516129032258,
  "brier_score": 0.20347119802735184
}