Accuracy,F1,best_value,elapsed_sec,model_size_mb
0.7665995975855131,0.7664142488442667,0.6801071257072255,30.002104997634888,0.4484682083129883
