Accuracy,F1,best_value,elapsed_sec,model_size_mb
1.0,1.0,0.9689849261593766,28.25814414024353,2.6109886169433594
