MAE,RMSE,R2,best_value,elapsed_sec,model_size_mb
859.081175591613,2549.0620361466617,0.9875408272062349,5441.65123245903,6412.008437871933,4.9387006759643555
