{
  "train_time_sec": 3.316256046295166,
  "model_size_mb": 0.11788558959960938,
  "timestamp": "2026-02-08 15:11:47",
  "params": {
    "iterations": 355,
    "learning_rate": 0.18864949166858644,
    "depth": 4,
    "l2_leaf_reg": 0.015393248535710483
  },
  "scenario": "clean"
}