{
  "train_time_sec": 2.630650281906128,
  "model_size_mb": 0.1180562973022461
}