{
  "MAE": 732.4676301293283,
  "RMSE": 8770.76510933232,
  "R2": 0.9009678601413027,
  "train_time_sec": 2.630650281906128,
  "model_size_mb": 0.1180562973022461,
  "scenario": "clean",
  "model": "catboost"
}