{
  "log_loss": 0.3978473863558881,
  "accuracy": 0.8109452736318408,
  "f1": 0.6133720930232558,
  "brier_score": 0.1296931896636229
}