{
  "iterations": 364,
  "learning_rate": 0.018600002218910443,
  "depth": 7,
  "l2_leaf_reg": 0.4737772386034826
}