Accuracy,F1,best_value,elapsed_sec,model_size_mb
0.8130774697938877,0.6068759342301944,0.5929203539823009,254.2378168106079,0.9978294372558594
