Accuracy,F1,best_value,elapsed_sec,model_size_mb
0.9410092395167022,0.8839160839160839,0.6229508196721312,529.0511453151703,166.40437602996826
