{
  "alpha": 0.0039011663045602804,
  "learning_rate_init": 0.0053176740028311725,
  "hidden_layer_sizes": [
    98,
    65
  ]
}