Accuracy,F1,best_value,elapsed_sec,model_size_mb
0.9972222222222222,0.997221686282076,0.9858964109664703,17.666815042495728,0.3138446807861328
