{
  "train_time_sec": 0.26916027069091797,
  "model_size_mb": 15.657814979553223
}