{
  "Accuracy": 0.775408670931059,
  "F1": 0.5269461077844312,
  "train_time_sec": 0.26916027069091797,
  "model_size_mb": 15.657814979553223,
  "scenario": "high_cardinality",
  "model": "rf"
}