{
  "train_time_sec": 1.1225080490112305,
  "model_size_mb": 1.7503538131713867
}