{
  "Accuracy": 0.7377398720682303,
  "F1": 0.1670428893905192,
  "train_time_sec": 1.1225080490112305,
  "model_size_mb": 1.7503538131713867,
  "scenario": "high_cardinality",
  "model": "tabnet"
}