Accuracy,F1,best_value,elapsed_sec,model_size_mb
0.9678068410462777,0.9678056680161944,0.8208791431290368,6.397243022918701,2.126885414123535
