{
  "train_time_sec": 0.7137768268585205,
  "model_size_mb": 1.2888240814208984
}