{
  "Accuracy": 0.9833333333333333,
  "F1": 0.9832465906550414,
  "train_time_sec": 0.7489168643951416,
  "model_size_mb": 1.2888240814208984,
  "timestamp": "2026-02-02 21:35:21",
  "params": {
    "iterations": 462,
    "learning_rate": 0.08514235218074596,
    "depth": 5,
    "l2_leaf_reg": 1.5033819282269176
  },
  "scenario": "clean",
  "model": "catboost",
  "dataset": "mnist"
}