{
  "log_loss": 0.42526232251216095,
  "accuracy": 0.8009950248756219,
  "f1": 0.6067415730337079,
  "brier_score": 0.1388628751978395
}