{
  "train_time_sec": 0.5354738235473633,
  "model_size_mb": 0.5758075714111328
}