{
  "train_time_sec": 0.858400821685791,
  "model_size_mb": 1.7191314697265625
}