{
  "n_estimators": 301,
  "max_depth": 7,
  "learning_rate": 0.00689986728337597,
  "subsample": 0.6840186511899223,
  "colsample_bytree": 0.8141978064593092
}