Accuracy,F1,best_value,elapsed_sec,model_size_mb
0.9459459459459459,0.96,0.8679245283018868,2.327584981918335,0.4024362564086914
