{
  "train_time_sec": 122.28932189941406,
  "model_size_mb": 0.9671974182128906
}