{
  "train_time_sec": 65.04300284385681,
  "model_size_mb": 0.9662208557128906,
  "timestamp": "2026-02-02 18:13:06",
  "params": {
    "alpha": 0.003844041400878631,
    "learning_rate_init": 0.0039042854472260214,
    "hidden_layer_sizes": [
      155,
      116
    ]
  },
  "scenario": "missingness"
}