{
  "MAE": 912.5122109574801,
  "RMSE": 10900.346721931395,
  "R2": 0.8470386079241586,
  "train_time_sec": 122.28932189941406,
  "model_size_mb": 0.9671974182128906,
  "scenario": "missingness",
  "model": "mlp"
}