{
  "MAE": 1434.3038721668524,
  "RMSE": 10456.35601485041,
  "R2": 0.8592456175125277,
  "train_time_sec": 63.3195481300354,
  "model_size_mb": 0.9627571105957031,
  "timestamp": "2026-02-08 20:49:56",
  "params": {
    "alpha": 0.003844041400878631,
    "learning_rate_init": 0.0039042854472260214,
    "hidden_layer_sizes": [
      155,
      116
    ]
  },
  "scenario": "missingness",
  "model": "mlp",
  "dataset": "diamonds_v2"
}