{
  "train_time_sec": 0.5772349834442139,
  "model_size_mb": 4.320361137390137
}