{
  "log_loss": 0.3149191722123963,
  "accuracy": 0.8500355366027008,
  "f1": 0.697274031563845,
  "brier_score": 0.1008140955841316
}