{
  "log_loss": 0.486234868545083,
  "accuracy": 0.7665995975855131,
  "f1": 0.7664142488442667,
  "brier_score": 0.3269480081730538
}