{
  "0": 0.1634740040865269,
  "1": 0.1634740040865269
}