Accuracy,F1,train_time_sec,model_size_mb,scenario,model
0.540241448692153,0.4721533093109703,1.5891263484954834,1.6747159957885742,clean,tabnet
0.4959758551307847,0.3908084363038508,0.7731640338897705,1.6747159957885742,missingness,tabnet
0.5382293762575453,0.48520944402132526,0.8249940872192383,1.6897916793823242,high_cardinality,tabnet
