MAE,RMSE,R2,train_time_sec,model_size_mb,scenario,model
2847.251023589337,19004.818932831076,0.5350259934564405,46.54414701461792,3.5755720138549805,clean,tabnet
2483.9456091096627,16266.136234329086,0.6593801029245205,47.56085181236267,3.575800895690918,missingness,tabnet
2460.9694019820367,16420.49310928792,0.6528848312853621,44.52514100074768,3.5972089767456055,high_cardinality,tabnet
