Accuracy,F1,train_time_sec,model_size_mb,scenario,model
0.7775408670931059,0.44991212653778556,2.391494035720825,1.7349576950073242,clean,tabnet
0.7491115849324804,0.19221967963386727,1.0990660190582275,1.7352018356323242,missingness,tabnet
0.7377398720682303,0.1670428893905192,1.1225080490112305,1.7503538131713867,high_cardinality,tabnet
