Accuracy,F1,train_time_sec,model_size_mb,scenario,model
0.3194444444444444,0.3002695333108981,1.505061149597168,4.320132255554199,clean,tabnet
0.31666666666666665,0.3018335037419079,0.5772349834442139,4.320361137390137,missingness,tabnet
0.24166666666666667,0.20312986044063092,0.5852401256561279,4.347201347351074,high_cardinality,tabnet
