{
  "iterations": 307,
  "learning_rate": 0.03541755571686883,
  "depth": 5,
  "l2_leaf_reg": 0.10313816313742252
}