Accuracy,F1,best_value,elapsed_sec,model_size_mb
1.0,1.0,0.8979591836734694,9.954890966415405,0.20348453521728516
