Accuracy,F1,best_value,elapsed_sec,model_size_mb
1.0,1.0,0.9689484859668325,6.786602973937988,7.899849891662598
