{
  "log_loss": 0.34371718011201274,
  "accuracy": 0.9517102615694165,
  "f1": 0.9516944210458109,
  "brier_score": 0.19027765684645054
}