{
  "0": 0.09513882842322527,
  "1": 0.09513882842322526
}