{
  "train_time_sec": 0.5852401256561279,
  "model_size_mb": 4.347201347351074
}