Accuracy,F1,best_value,elapsed_sec,model_size_mb
0.6756756756756757,0.8064516129032258,0.8620689655172413,3.5211021900177,2.5595951080322266
