{
  "train_time_sec": 0.613858699798584,
  "model_size_mb": 1.8971443176269531
}