{
  "train_time_sec": 0.3245728015899658,
  "model_size_mb": 23.568886756896973
}