{
  "train_time_sec": 0.6819319725036621,
  "model_size_mb": 1.708841323852539
}