{
  "Accuracy": 0.8038229376257545,
  "F1": 0.8037178470633626,
  "train_time_sec": 0.6819319725036621,
  "model_size_mb": 1.708841323852539,
  "scenario": "missingness",
  "model": "catboost"
}