{
  "train_time_sec": 0.7953488826751709,
  "model_size_mb": 1.288808822631836
}