{
  "train_time_sec": 0.7479560375213623,
  "model_size_mb": 1.288808822631836,
  "timestamp": "2026-02-02 21:35:22",
  "params": {
    "iterations": 462,
    "learning_rate": 0.08514235218074596,
    "depth": 5,
    "l2_leaf_reg": 1.5033819282269176
  },
  "scenario": "missingness"
}