{
  "Accuracy": 0.9722222222222222,
  "F1": 0.9720709718452566,
  "train_time_sec": 0.7183959484100342,
  "model_size_mb": 1.2888240814208984,
  "timestamp": "2026-02-02 18:32:43",
  "params": {
    "iterations": 462,
    "learning_rate": 0.08514235218074596,
    "depth": 5,
    "l2_leaf_reg": 1.5033819282269176
  },
  "scenario": "missingness",
  "model": "catboost",
  "dataset": "mnist"
}