{
  "train_time_sec": 0.927117109298706,
  "model_size_mb": 0.44785499572753906
}