{
  "Accuracy": 0.6680080482897385,
  "F1": 0.666950959488273,
  "train_time_sec": 0.927117109298706,
  "model_size_mb": 0.44785499572753906,
  "scenario": "missingness",
  "model": "mlp"
}