{
  "log_loss": 0.39018369505771294,
  "accuracy": 0.8648648648648649,
  "f1": 0.9090909090909091,
  "brier_score": 0.1210320007984379
}