{
  "Accuracy_clean": 0.8130774697938877,
  "F1_clean": 0.6068759342301944,
  "Accuracy_shift": 0.7647476901208244,
  "F1_shift": 0.4582651391162029,
  "delta_f1": -0.14861079511399145,
  "relative_drop_f1": -0.24487837914103514
}