{
  "iterations": 342,
  "learning_rate": 0.0802505500235678,
  "depth": 6,
  "l2_leaf_reg": 0.016180153184398118
}