MAE,RMSE,R2,best_value,elapsed_sec,model_size_mb
419.23291986011975,1614.983028721223,0.9949989139777321,5715.236123514431,107.09456086158752,0.5138168334960938
