{
  "train_time_sec": 1.030081033706665,
  "model_size_mb": 0.44806861877441406
}