{
  "Accuracy": 0.6810865191146881,
  "F1": 0.6801071257072255,
  "train_time_sec": 1.030081033706665,
  "model_size_mb": 0.44806861877441406,
  "scenario": "clean",
  "model": "mlp"
}