{
  "train_time_sec": 0.9286460876464844,
  "model_size_mb": 1.1223735809326172
}