{
  "MAE": 613.754863856837,
  "RMSE": 9767.075892392724,
  "R2": 0.8771909626010932,
  "train_time_sec": 0.9286460876464844,
  "model_size_mb": 1.1223735809326172,
  "scenario": "high_cardinality",
  "model": "lgbm"
}