{
  "alpha": 4.461816688644505e-05,
  "learning_rate_init": 0.0031396590783417926,
  "hidden_layer_sizes": [
    233,
    61
  ]
}