MAE,RMSE,R2,best_value,elapsed_sec,model_size_mb
881.6044124688123,5408.206994646157,0.943916512742327,5213.614831004049,2294.3940641880035,1.1129159927368164
