MAE,RMSE,R2,best_value,elapsed_sec,model_size_mb
33.326644536109605,98.46228847591946,0.9999814104768288,431.7222912788198,735.594694852829,17.29518222808838
