Accuracy,F1,best_value,elapsed_sec,model_size_mb
1.0,1.0,0.9693140849836155,90.2780601978302,1.9709968566894531
