{
  "train_time_sec": 566.5991580486298,
  "model_size_mb": 6.735157012939453,
  "timestamp": "2026-02-08 20:59:28",
  "params": {
    "alpha": 0.003844041400878631,
    "learning_rate_init": 0.0039042854472260214,
    "hidden_layer_sizes": [
      155,
      116
    ]
  },
  "scenario": "high_cardinality"
}