{
  "train_time_sec": 316.88247895240784,
  "model_size_mb": 11.540741920471191,
  "timestamp": "2026-02-02 18:18:37",
  "params": {
    "alpha": 0.003844041400878631,
    "learning_rate_init": 0.0039042854472260214,
    "hidden_layer_sizes": [
      155,
      116
    ]
  },
  "scenario": "high_cardinality"
}