{
  "train_time_sec": 742.3891394138336,
  "model_size_mb": 8.906085968017578
}