{
  "MAE": 867.7535662355788,
  "RMSE": 11090.625400304285,
  "R2": 0.8416517470780753,
  "train_time_sec": 742.3891394138336,
  "model_size_mb": 8.906085968017578,
  "scenario": "high_cardinality",
  "model": "mlp"
}