{
  "train_time_sec": 2.391494035720825,
  "model_size_mb": 1.7349576950073242
}