{
  "train_time_sec": 7.113917827606201,
  "model_size_mb": 16.319604873657227
}