{
  "train_time_sec": 0.9270179271697998,
  "model_size_mb": 1.1581840515136719
}