{
  "MAE": 552.523794336279,
  "RMSE": 9323.035416373063,
  "R2": 0.8881036627688189,
  "train_time_sec": 0.9270179271697998,
  "model_size_mb": 1.1581840515136719,
  "scenario": "clean",
  "model": "lgbm"
}