{
  "log_loss": 0.3876714898355072,
  "accuracy": 0.8173418621179815,
  "f1": 0.61698956780924,
  "brier_score": 0.12566164582420727
}