Accuracy,F1,best_value,elapsed_sec,model_size_mb
0.7341862117981521,0.0,0.0,17.116899728775024,0.16220951080322266
