{
  "n_estimators": 400,
  "max_depth": 8,
  "learning_rate": 0.1377285488914457,
  "subsample": 0.6965785225662305,
  "colsample_bytree": 0.8768343204404235
}