MAE,RMSE,R2,best_value,elapsed_sec,model_size_mb
65.24248504638672,133.94252352921757,0.9999656081199646,6558.050320026525,82.9806399345398,3.6052379608154297
