{
  "train_time_sec": 0.24493694305419922,
  "model_size_mb": 16.009835243225098
}