{
  "train_time_sec": 0.7465672492980957,
  "model_size_mb": 2.0742835998535156
}