{
  "train_time_sec": 0.43210697174072266,
  "model_size_mb": 23.748482704162598
}