{
  "Accuracy": 0.7766599597585513,
  "F1": 0.7766020773856527,
  "train_time_sec": 0.43210697174072266,
  "model_size_mb": 23.748482704162598,
  "scenario": "clean",
  "model": "rf"
}