{
  "train_time_sec": 0.7731640338897705,
  "model_size_mb": 1.6747159957885742
}