{
  "train_time_sec": 0.8249940872192383,
  "model_size_mb": 1.6897916793823242
}