{
  "log_loss": 0.132177476160473,
  "accuracy": 0.9410092395167022,
  "f1": 0.8839160839160839,
  "brier_score": 0.04236017420946042
}