{
  "train_time_sec": 1.0990660190582275,
  "model_size_mb": 1.7352018356323242
}