MAE,RMSE,R2,best_value,elapsed_sec,model_size_mb
302.333952050149,1587.983025030247,0.9951647368977568,6889.644320776994,27.786674976348877,0.692255973815918
