{
  "train_time_sec": 8.150710105895996,
  "model_size_mb": 32.6357364654541
}