{
  "train_time_sec": 0.31507396697998047,
  "model_size_mb": 23.364266395568848
}