{
  "Accuracy": 0.7575452716297787,
  "F1": 0.7575155757327301,
  "train_time_sec": 0.31507396697998047,
  "model_size_mb": 23.364266395568848,
  "scenario": "missingness",
  "model": "rf"
}