{
  "alpha": 0.003844041400878631,
  "learning_rate_init": 0.0039042854472260214,
  "hidden_layer_sizes": [
    155,
    116
  ]
}