MAE,RMSE,R2,best_value,elapsed_sec,model_size_mb
495.3736960367031,2060.2911570947786,0.9918607273617118,5173.422126317722,1726.5760898590088,0.9507026672363281
