{
  "train_time_sec": 0.6456780433654785,
  "model_size_mb": 1.9693946838378906
}