{
  "train_time_sec": 34.2746798992157,
  "model_size_mb": 18.224854469299316
}