{
  "MAE": 41.6388627728787,
  "RMSE": 789.395717296177,
  "R2": 0.9991977850808702,
  "train_time_sec": 34.2746798992157,
  "model_size_mb": 18.224854469299316,
  "scenario": "clean",
  "model": "rf"
}