{
  "iterations": 462,
  "learning_rate": 0.08514235218074596,
  "depth": 5,
  "l2_leaf_reg": 1.5033819282269176
}