Accuracy,F1,best_value,elapsed_sec,model_size_mb
1.0,1.0,0.9832465906550414,34.11658191680908,1.3361921310424805
