{
  "train_time_sec": 47.56085181236267,
  "model_size_mb": 3.575800895690918
}