{
  "train_time_sec": 30.335660696029663,
  "model_size_mb": 3.564364433288574,
  "timestamp": "2026-02-08 21:19:53",
  "params": {
    "batch_size": 512,
    "virtual_batch_size": 512,
    "n_d": 48,
    "n_a": 48,
    "n_steps": 3,
    "gamma": 1.148092057267047,
    "lambda_sparse": 0.0003759825417556633,
    "momentum": 0.2555207477651966,
    "learning_rate": 0.012170668949596066
  },
  "scenario": "missingness"
}