{
  "MAE": 2893.247763047147,
  "RMSE": 17301.226072177855,
  "R2": 0.6146503536648965,
  "train_time_sec": 25.694703102111816,
  "model_size_mb": 3.5750226974487305,
  "timestamp": "2026-02-02 21:32:50",
  "params": {
    "batch_size": 512,
    "virtual_batch_size": 512,
    "n_d": 48,
    "n_a": 48,
    "n_steps": 3,
    "gamma": 1.148092057267047,
    "lambda_sparse": 0.0003759825417556633,
    "momentum": 0.2555207477651966,
    "learning_rate": 0.012170668949596066
  },
  "scenario": "missingness",
  "model": "tabnet",
  "dataset": "diamonds_v2"
}