{
  "MAE": 2483.9456091096627,
  "RMSE": 16266.136234329086,
  "R2": 0.6593801029245205,
  "train_time_sec": 47.56085181236267,
  "model_size_mb": 3.575800895690918,
  "scenario": "missingness",
  "model": "tabnet"
}