{
  "log_loss": 0.22050021410492565,
  "accuracy": 0.918918918918919,
  "f1": 0.9411764705882353,
  "brier_score": 0.060650247843767435
}