{
  "train_time_sec": 0.1691739559173584,
  "model_size_mb": 6.685585975646973
}