{
  "Accuracy": 0.9694444444444444,
  "F1": 0.9688657125276597,
  "train_time_sec": 0.36345696449279785,
  "model_size_mb": 6.685585975646973,
  "timestamp": "2026-02-02 18:32:40",
  "params": {
    "n_estimators": 236,
    "max_depth": 18,
    "min_samples_split": 9,
    "min_samples_leaf": 1
  },
  "scenario": "high_cardinality",
  "model": "rf",
  "dataset": "mnist"
}