{
  "train_time_sec": 0.4780747890472412,
  "model_size_mb": 2.0826148986816406
}