{
  "Accuracy": 0.8038229376257545,
  "F1": 0.8036319428614846,
  "train_time_sec": 0.4780747890472412,
  "model_size_mb": 2.0826148986816406,
  "scenario": "clean",
  "model": "lgbm"
}