Accuracy,F1,best_value,elapsed_sec,model_size_mb
0.8390342052313883,0.8389063785132873,0.7523937979974725,773.9480128288269,1.6775388717651367
