Accuracy,F1,best_value,elapsed_sec,model_size_mb
0.8648648648648649,0.9090909090909091,0.8620689655172413,5.448005199432373,0.9590234756469727
