{
  "log_loss": 0.14482133956077675,
  "accuracy": 0.9869215291750503,
  "f1": 0.9869192917670091,
  "brier_score": 0.06032859707056841
}