{
  "0": 0.030164298535284205,
  "1": 0.030164298535284205
}