MAE,RMSE,R2,best_value,elapsed_sec,model_size_mb
305.5158710929931,2656.9879972413037,0.98646346270519,6997.301310530963,61.88881182670593,0.9464807510375977
