{
  "Accuracy_clean": 1.0,
  "F1_clean": 1.0,
  "Accuracy_shift": 0.8108108108108109,
  "F1_shift": 0.8571428571428571,
  "delta_f1": -0.1428571428571429,
  "relative_drop_f1": -0.1428571428571429
}