{
  "Accuracy_clean": 0.6756756756756757,
  "F1_clean": 0.8064516129032258,
  "Accuracy_shift": 0.6756756756756757,
  "F1_shift": 0.8064516129032258,
  "delta_f1": 0.0,
  "relative_drop_f1": 0.0
}