{
  "log_loss": 0.3489380098238227,
  "accuracy": 0.8390342052313883,
  "f1": 0.8389063785132873,
  "brier_score": 0.22590078141576095
}