{
  "0": 0.11295039059037211,
  "1": 0.11295039030730154
}