{
  "train_time_sec": 0.6256778240203857,
  "model_size_mb": 0.5714302062988281
}