{
  "Accuracy": 0.7775408670931059,
  "F1": 0.5279034690799397,
  "train_time_sec": 0.6256778240203857,
  "model_size_mb": 0.5714302062988281,
  "scenario": "clean",
  "model": "lgbm"
}