MAE,RMSE,R2,best_value,elapsed_sec,model_size_mb
50.651707016210885,99.49788255043453,0.999981017383407,7877.699403373094,42.846238136291504,4.176600456237793
