{
  "train_time_sec": 1.505061149597168,
  "model_size_mb": 4.320132255554199
}