{
  "Accuracy": 0.5138888888888888,
  "F1": 0.4982192900766419,
  "train_time_sec": 1.5580098628997803,
  "model_size_mb": 3.0139951705932617,
  "timestamp": "2026-02-02 21:31:20",
  "params": {
    "batch_size": 256,
    "virtual_batch_size": 512,
    "n_d": 16,
    "n_a": 64,
    "n_steps": 3,
    "gamma": 1.6574723407434087,
    "lambda_sparse": 0.0015561306412447816,
    "momentum": 0.18995477463451427,
    "learning_rate": 0.04179787746574106
  },
  "scenario": "clean",
  "model": "tabnet",
  "dataset": "mnist"
}