{
  "Accuracy_clean": 0.9410092395167022,
  "F1_clean": 0.8839160839160839,
  "Accuracy_shift": 0.8251599147121536,
  "F1_shift": 0.6261398176291794,
  "delta_f1": -0.25777626628690453,
  "relative_drop_f1": -0.29162979492901386
}