Accuracy,F1,best_value,elapsed_sec,model_size_mb
0.8009950248756219,0.6067415730337079,0.6319702602230484,398.45394682884216,16.319650650024414
