MAE,RMSE,R2,best_value,elapsed_sec,model_size_mb
1818.1876641587762,9524.269771786368,0.8260630800406197,5303.224008889849,455.0683710575104,4.8074140548706055
