Accuracy,F1,best_value,elapsed_sec,model_size_mb
0.9517102615694165,0.9516944210458109,0.775602822807197,8.726181030273438,27.614602088928223
