{
  "Accuracy_clean": 0.8390342052313883,
  "F1_clean": 0.8389063785132873,
  "Accuracy_shift": 0.5865191146881288,
  "F1_shift": 0.5809095301550762,
  "delta_f1": -0.25799684835821113,
  "relative_drop_f1": -0.307539500194806
}