{
  "spearman": 0.965034965034965,
  "top_k": 10,
  "jaccard": 0.8181818181818182,
  "clean_top": [
    "V1",
    "V14",
    "V17",
    "V18",
    "V19",
    "V20",
    "V21",
    "V5",
    "V6",
    "V8"
  ],
  "shift_top": [
    "V1",
    "V14",
    "V17",
    "V18",
    "V19",
    "V20",
    "V21",
    "V22",
    "V5",
    "V6"
  ]
}