{
  "train_time_sec": 0.10924386978149414,
  "model_size_mb": 0.3138751983642578
}