{
  "train_time_sec": 0.08535194396972656,
  "model_size_mb": 0.3138446807861328,
  "timestamp": "2026-02-02 21:30:50",
  "params": {
    "alpha": 0.0039011663045602804,
    "learning_rate_init": 0.0053176740028311725,
    "hidden_layer_sizes": [
      98,
      65
    ]
  },
  "scenario": "missingness"
}