{
  "log_loss": 0.20423119692974118,
  "accuracy": 0.9678068410462777,
  "f1": 0.9678056680161944,
  "brier_score": 0.09627987639168409
}