{
  "0": 0.04813993832651185,
  "1": 0.04813993798372791
}