{
  "train_time_sec": 40.37948799133301,
  "model_size_mb": 18.224854469299316
}