{
  "MAE": 41.85900205219523,
  "RMSE": 820.4575823146771,
  "R2": 0.9991334104083316,
  "train_time_sec": 40.37948799133301,
  "model_size_mb": 18.224854469299316,
  "scenario": "high_cardinality",
  "model": "rf"
}