{
  "MAE": 41.859002052195216,
  "RMSE": 820.4575823146763,
  "R2": 0.9991334104083316,
  "train_time_sec": 183.78850269317627,
  "model_size_mb": 18.224854469299316,
  "timestamp": "2026-02-02 18:10:19",
  "params": {
    "n_estimators": 342,
    "max_depth": 9,
    "min_samples_split": 4,
    "min_samples_leaf": 2
  },
  "scenario": "high_cardinality",
  "model": "rf",
  "dataset": "diamonds_v2"
}