{
  "train_time_sec": 96.69420909881592,
  "model_size_mb": 0.9637794494628906,
  "timestamp": "2026-02-08 20:48:48",
  "params": {
    "alpha": 0.003844041400878631,
    "learning_rate_init": 0.0039042854472260214,
    "hidden_layer_sizes": [
      155,
      116
    ]
  },
  "scenario": "clean"
}