{
  "train_time_sec": 92.90464520454407,
  "model_size_mb": 0.9666786193847656
}