{
  "MAE": 815.1790395129017,
  "RMSE": 10451.72188673857,
  "R2": 0.85937035108127,
  "train_time_sec": 80.13797092437744,
  "model_size_mb": 0.9666786193847656,
  "timestamp": "2026-02-02 18:11:51",
  "params": {
    "alpha": 0.003844041400878631,
    "learning_rate_init": 0.0039042854472260214,
    "hidden_layer_sizes": [
      155,
      116
    ]
  },
  "scenario": "clean",
  "model": "mlp",
  "dataset": "diamonds_v2"
}