{
  "MAE": 815.1790395128997,
  "RMSE": 10451.721886738569,
  "R2": 0.85937035108127,
  "train_time_sec": 92.90464520454407,
  "model_size_mb": 0.9666786193847656,
  "scenario": "clean",
  "model": "mlp"
}