MAE,RMSE,R2,best_value,elapsed_sec,model_size_mb
33.684930529705746,130.67261174945787,0.9999672585776603,422.3842075600554,751.74285197258,15.706513404846191
