{
  "train_time_sec": 0.2879018783569336,
  "model_size_mb": 6.682564735412598
}