{
  "train_time_sec": 0.3478262424468994,
  "model_size_mb": 6.682564735412598,
  "timestamp": "2026-02-02 18:32:38",
  "params": {
    "n_estimators": 236,
    "max_depth": 18,
    "min_samples_split": 9,
    "min_samples_leaf": 1
  },
  "scenario": "clean"
}