{
  "Accuracy": 0.9694444444444444,
  "F1": 0.9689484859668325,
  "train_time_sec": 0.2879018783569336,
  "model_size_mb": 6.682564735412598,
  "scenario": "clean",
  "model": "rf"
}