{
  "train_time_sec": 11.362414121627808,
  "model_size_mb": 18.02251625061035
}