{
  "log_loss": 0.551598411159384,
  "accuracy": 0.7341862117981521,
  "f1": 0.0,
  "brier_score": 0.18444905470954695
}