{
  "train_time_sec": 8.272766351699829,
  "model_size_mb": 16.319604873657227
}