{
  "Accuracy": 0.7889125799573561,
  "F1": 0.6319702602230484,
  "train_time_sec": 8.272766351699829,
  "model_size_mb": 16.319604873657227,
  "scenario": "clean",
  "model": "mlp"
}