{
  "iterations": 355,
  "learning_rate": 0.18864949166858644,
  "depth": 4,
  "l2_leaf_reg": 0.015393248535710483
}