MAE,RMSE,R2,best_value,elapsed_sec,model_size_mb
417.44940046765475,1575.7765952355714,0.9952387861258134,5701.157278241463,95.20216608047485,0.26222896575927734
