{
  "Accuracy_clean": 0.8009950248756219,
  "F1_clean": 0.6067415730337079,
  "Accuracy_shift": 0.7697228144989339,
  "F1_shift": 0.5304347826086957,
  "delta_f1": -0.0763067904250122,
  "relative_drop_f1": -0.1257648953301127
}