{
  "train_time_sec": 0.7468879222869873,
  "model_size_mb": 15.820168495178223,
  "timestamp": "2026-02-02 18:23:08",
  "params": {
    "n_estimators": 225,
    "max_depth": 18,
    "min_samples_split": 8,
    "min_samples_leaf": 3
  },
  "scenario": "clean"
}