{
  "train_time_sec": 0.2918379306793213,
  "model_size_mb": 15.820168495178223
}