{
  "Accuracy": 0.7853589196872779,
  "F1": 0.5424242424242425,
  "train_time_sec": 0.2918379306793213,
  "model_size_mb": 15.820168495178223,
  "scenario": "clean",
  "model": "rf"
}