Accuracy,F1,best_value,elapsed_sec,model_size_mb
0.8109452736318408,0.6133720930232558,0.5918367346938775,182.21948528289795,0.27713775634765625
