{
  "train_time_sec": 0.6546931266784668,
  "model_size_mb": 1.9006385803222656
}