{
  "Accuracy": 0.9638888888888889,
  "F1": 0.9635330392450163,
  "train_time_sec": 0.6546931266784668,
  "model_size_mb": 1.9006385803222656,
  "scenario": "clean",
  "model": "lgbm"
}