{
  "train_time_sec": 34.36996507644653,
  "model_size_mb": 18.224854469299316
}