{
  "MAE": 42.11928680001578,
  "RMSE": 847.2384305606421,
  "R2": 0.9990759137742009,
  "train_time_sec": 34.36996507644653,
  "model_size_mb": 18.224854469299316,
  "scenario": "missingness",
  "model": "rf"
}