{
  "log_loss": 0.05976992059418235,
  "accuracy": 1.0,
  "f1": 1.0,
  "brier_score": 0.007344972593229828
}