{
  "log_loss": 0.35745432002071825,
  "accuracy": 0.8918918918918919,
  "f1": 0.9166666666666666,
  "brier_score": 0.10392408983525821
}