{
  "train_time_sec": 2.7323179244995117,
  "model_size_mb": 0.11806392669677734,
  "timestamp": "2026-02-02 18:10:27",
  "params": {
    "iterations": 355,
    "learning_rate": 0.18864949166858644,
    "depth": 4,
    "l2_leaf_reg": 0.015393248535710483
  },
  "scenario": "missingness"
}