{
  "train_time_sec": 2.636214017868042,
  "model_size_mb": 0.11797237396240234
}