{
  "MAE": 829.5887567041585,
  "RMSE": 11131.22333979384,
  "R2": 0.8404903375577124,
  "train_time_sec": 2.636214017868042,
  "model_size_mb": 0.11797237396240234,
  "scenario": "missingness",
  "model": "catboost"
}