{
  "train_time_sec": 44.52514100074768,
  "model_size_mb": 3.5972089767456055
}