{
  "MAE": 2272.341331243195,
  "RMSE": 15342.529034581634,
  "R2": 0.6969633820796189,
  "train_time_sec": 29.45718812942505,
  "model_size_mb": 3.585726737976074,
  "timestamp": "2026-02-08 21:20:26",
  "params": {
    "batch_size": 512,
    "virtual_batch_size": 512,
    "n_d": 48,
    "n_a": 48,
    "n_steps": 3,
    "gamma": 1.148092057267047,
    "lambda_sparse": 0.0003759825417556633,
    "momentum": 0.2555207477651966,
    "learning_rate": 0.012170668949596066
  },
  "scenario": "high_cardinality",
  "model": "tabnet",
  "dataset": "diamonds_v2"
}