{
  "MAE": 2460.9694019820367,
  "RMSE": 16420.49310928792,
  "R2": 0.6528848312853621,
  "train_time_sec": 44.52514100074768,
  "model_size_mb": 3.5972089767456055,
  "scenario": "high_cardinality",
  "model": "tabnet"
}