{
  "log_loss": 0.6717458912202813,
  "accuracy": 0.6756756756756757,
  "f1": 0.8064516129032258,
  "brier_score": 0.24186080030355958
}