{
  "train_time_sec": 0.9025721549987793,
  "model_size_mb": 1.1868820190429688
}