{
  "MAE": 594.4404567454519,
  "RMSE": 9539.641961112013,
  "R2": 0.8828437794030929,
  "train_time_sec": 0.9025721549987793,
  "model_size_mb": 1.1868820190429688,
  "scenario": "missingness",
  "model": "lgbm"
}