{
  "train_time_sec": 0.33426594734191895,
  "model_size_mb": 0.5695228576660156
}