{
  "train_time_sec": 0.34860706329345703,
  "model_size_mb": 0.5815925598144531
}