{
  "iterations": 429,
  "learning_rate": 0.04694595034255959,
  "depth": 8,
  "l2_leaf_reg": 0.0115542217801539
}