Accuracy,F1,best_value,elapsed_sec,model_size_mb
0.9859154929577465,0.9859140673080038,0.8168272521455273,18.976603984832764,1.7244071960449219
