Accuracy,F1,best_value,elapsed_sec,model_size_mb
0.9869215291750503,0.9869192917670091,0.8218794893834149,14.883018016815186,2.3099098205566406
