{
  "train_time_sec": 2.8131000995635986,
  "model_size_mb": 0.11814308166503906,
  "timestamp": "2026-02-08 15:11:54",
  "params": {
    "iterations": 355,
    "learning_rate": 0.18864949166858644,
    "depth": 4,
    "l2_leaf_reg": 0.015393248535710483
  },
  "scenario": "high_cardinality"
}