{
  "train_time_sec": 2.7464797496795654,
  "model_size_mb": 0.11842823028564453,
  "timestamp": "2026-02-02 18:10:30",
  "params": {
    "iterations": 355,
    "learning_rate": 0.18864949166858644,
    "depth": 4,
    "l2_leaf_reg": 0.015393248535710483
  },
  "scenario": "high_cardinality"
}