{
  "train_time_sec": 2.9259111881256104,
  "model_size_mb": 0.11833667755126953
}