{
  "MAE": 715.0700102443437,
  "RMSE": 8974.557204091956,
  "R2": 0.8963122947819622,
  "train_time_sec": 2.9259111881256104,
  "model_size_mb": 0.11833667755126953,
  "scenario": "high_cardinality",
  "model": "catboost"
}