{
  "train_time_sec": 0.5984129905700684,
  "model_size_mb": 0.5760669708251953
}