{
  "Accuracy": 0.7931769722814499,
  "F1": 0.5739385065885798,
  "train_time_sec": 0.5984129905700684,
  "model_size_mb": 0.5760669708251953,
  "scenario": "clean",
  "model": "catboost"
}