{
  "train_time_sec": 1.360908031463623,
  "model_size_mb": 4.571168899536133
}