{
  "train_time_sec": 0.42682790756225586,
  "model_size_mb": 2.9359607696533203,
  "timestamp": "2026-02-02 21:30:52",
  "params": {
    "alpha": 0.0039011663045602804,
    "learning_rate_init": 0.0053176740028311725,
    "hidden_layer_sizes": [
      98,
      65
    ]
  },
  "scenario": "high_cardinality"
}