{
  "Accuracy": 0.9722222222222222,
  "F1": 0.9714405699097556,
  "train_time_sec": 1.360908031463623,
  "model_size_mb": 4.571168899536133,
  "scenario": "high_cardinality",
  "model": "mlp"
}