{
  "train_time_sec": 46.54414701461792,
  "model_size_mb": 3.5755720138549805
}