{
  "MAE": 2410.6887040431566,
  "RMSE": 16693.951734579903,
  "R2": 0.6412272002028521,
  "train_time_sec": 26.710397243499756,
  "model_size_mb": 3.5750226974487305,
  "timestamp": "2026-02-02 21:32:22",
  "params": {
    "batch_size": 512,
    "virtual_batch_size": 512,
    "n_d": 48,
    "n_a": 48,
    "n_steps": 3,
    "gamma": 1.148092057267047,
    "lambda_sparse": 0.0003759825417556633,
    "momentum": 0.2555207477651966,
    "learning_rate": 0.012170668949596066
  },
  "scenario": "clean",
  "model": "tabnet",
  "dataset": "diamonds_v2"
}