{
  "MAE": 2847.251023589337,
  "RMSE": 19004.818932831076,
  "R2": 0.5350259934564405,
  "train_time_sec": 46.54414701461792,
  "model_size_mb": 3.5755720138549805,
  "scenario": "clean",
  "model": "tabnet"
}