{
  "Accuracy_clean": 0.8648648648648649,
  "F1_clean": 0.9090909090909091,
  "Accuracy_shift": 0.8108108108108109,
  "F1_shift": 0.8771929824561403,
  "delta_f1": -0.03189792663476876,
  "relative_drop_f1": -0.03508771929824563
}