{
  "train_time_sec": 1.5891263484954834,
  "model_size_mb": 1.6747159957885742
}