{
  "Accuracy_clean": 0.9859154929577465,
  "F1_clean": 0.9859140673080038,
  "Accuracy_shift": 0.5724346076458753,
  "F1_shift": 0.5480247144729451,
  "delta_f1": -0.4378893528350587,
  "relative_drop_f1": -0.4441455572600732
}