{
  "Accuracy_clean": 0.9517102615694165,
  "F1_clean": 0.9516944210458109,
  "Accuracy_shift": 0.56841046277666,
  "F1_shift": 0.5451024150559359,
  "delta_f1": -0.406592005989875,
  "relative_drop_f1": -0.4272295781066717
}