Accuracy,F1,best_value,elapsed_sec,model_size_mb
1.0,1.0,0.9887987428242276,119.04021692276001,3.0158872604370117
