Accuracy,F1,best_value,elapsed_sec,model_size_mb
0.8500355366027008,0.697274031563845,0.6011730205278593,10.831799030303955,0.6811103820800781
