Accuracy,F1,best_value,elapsed_sec,model_size_mb
0.918918918918919,0.9411764705882353,0.88,4.280602931976318,0.20398330688476562
