{
  "train_time_sec": 0.7702558040618896,
  "model_size_mb": 2.001331329345703
}