Accuracy,F1,best_value,elapsed_sec,model_size_mb
0.6756756756756757,0.8064516129032258,0.8064516129032258,13.160758018493652,5.3275861740112305
