{
  "Accuracy_clean": 0.7665995975855131,
  "F1_clean": 0.7664142488442667,
  "Accuracy_shift": 0.5855130784708249,
  "F1_shift": 0.5736215225720473,
  "delta_f1": -0.19279272627221933,
  "relative_drop_f1": -0.2515515944059572
}