{
  "train_time_sec": 0.4756941795349121,
  "model_size_mb": 0.5726547241210938
}