{
  "train_time_sec": 0.17215180397033691,
  "model_size_mb": 6.868233680725098
}